{
    "loss": [
        51.566860139369965
    ],
    "acc": [
        0.2638094190140845
    ],
    "val_loss": [
        0.7263445109128952
    ],
    "val_acc": [
        0.25372314453125
    ]
}